Workbook

Sheet 기능 체크리스트
A1: nFTDServer / nFTDClient 기능 동작 확인 체크리스트 (작성: 2026-07-14)
A2: No | B2: 분류 | C2: 기능 / 확인 항목 | D2: 대상 | E2: 결과 | F2: 테스트일 | G2: 비고
A3: 1 | B3: 연결/버전 | C3: 서버 프로그램 실행 및 메인창 정상 표시 | D3: 공통
A4: 2 | B4: 연결/버전 | C4: 클라이언트 연결 성공 시 원격 트리/리스트 표시 | D4: 원격
A5: 3 | B5: 연결/버전 | C5: 클라이언트 연결 실패 시 안내(연결실패 메시지) | D5: 원격
A6: 4 | B6: 연결/버전 | C6: 서버-클라이언트 버전 핸드셰이크 수신 | D6: 공통
A7: 5 | B7: 연결/버전 | C7: 구버전 클라이언트 접속 시 전송/이동 게이팅(차단) | D7: 원격
A8: 6 | B8: 연결/버전 | C8: 최소버전 이상 클라이언트는 전송/이동 정상 허용 | D8: 원격
A9: 7 | B9: UI 기능 | C9: 창 크기 조절 시 트리/리스트/버튼 레이아웃 정상 리사이즈 | D9: 공통
A10: 8 | B10: UI 기능 | C10: 프로그램 재실행 시 창 위치/크기 복원 | D10: 공통
A11: 9 | B11: UI 기능 | C11: 로컬/원격 디스크 사용량 표시 정확 | D11: 공통
A12: 10 | B12: UI 기능 | C12: '전송 완료 후 모두 닫기' 체크박스 동작 | D12: 공통
A13: 11 | B13: UI 기능 | C13: 로컬 트리 드라이브/폴더 계층 표시 | D13: 로컬
A14: 12 | B14: UI 기능 | C14: 원격 트리 드라이브/폴더 계층 표시 | D14: 원격
... A84: 82 | B84: 안정성/회귀 | C84: 장시간/반복 조작 후 메모리·응답 안정 | D84: 공통

Sheet 요약
A1: 분류별 항목 수 / 결과 집계
A3: 분류 | B3: 항목 수 | C3: Pass | D3: Fail | E3: 보류 | F3: N/A | G3: 미확인
A4: 연결/버전 | B4: =COUNTIF('기능 체크리스트'!B$3:B$84,A4) | C4: =COUNTIFS('기능 체크리스트'!B$3:B$84,A4,'기능 체크리스트'!E$3:E$84,"Pass") | D4: =COUNTIFS('기능 체크리스트'!B$3:B$84,A4,'기능 체크리스트'!E$3:E$84,"Fail") | E4: =COUNTIFS('기능 체크리스트'!B$3:B$84,A4,'기능 체크리스트'!E$3:E$84,"보류") | F4: =COUNTIFS('기능 체크리스트'!B$3:B$84,A4,'기능 체크리스트'!E$3:E$84,"N/A") | G4: =B4-C4-D4-E4-F4
A5: UI 기능 | B5: =COUNTIF('기능 체크리스트'!B$3:B$84,A5) | C5: =COUNTIFS('기능 체크리스트'!B$3:B$84,A5,'기능 체크리스트'!E$3:E$84,"Pass") | D5: =COUNTIFS('기능 체크리스트'!B$3:B$84,A5,'기능 체크리스트'!E$3:E$84,"Fail") | E5: =COUNTIFS('기능 체크리스트'!B$3:B$84,A5,'기능 체크리스트'!E$3:E$84,"보류") | F5: =COUNTIFS('기능 체크리스트'!B$3:B$84,A5,'기능 체크리스트'!E$3:E$84,"N/A") | G5: =B5-C5-D5-E5-F5
A6: 팝업메뉴 | B6: =COUNTIF('기능 체크리스트'!B$3:B$84,A6) | C6: =COUNTIFS('기능 체크리스트'!B$3:B$84,A6,'기능 체크리스트'!E$3:E$84,"Pass") | D6: =COUNTIFS('기능 체크리스트'!B$3:B$84,A6,'기능 체크리스트'!E$3:E$84,"Fail") | E6: =COUNTIFS('기능 체크리스트'!B$3:B$84,A6,'기능 체크리스트'!E$3:E$84,"보류") | F6: =COUNTIFS('기능 체크리스트'!B$3:B$84,A6,'기능 체크리스트'!E$3:E$84,"N/A") | G6: =B6-C6-D6-E6-F6
A7: 폴더/파일 조작 | B7: =COUNTIF('기능 체크리스트'!B$3:B$84,A7) | C7: =COUNTIFS('기능 체크리스트'!B$3:B$84,A7,'기능 체크리스트'!E$3:E$84,"Pass") | D7: =COUNTIFS('기능 체크리스트'!B$3:B$84,A7,'기능 체크리스트'!E$3:E$84,"Fail") | E7: =COUNTIFS('기능 체크리스트'!B$3:B$84,A7,'기능 체크리스트'!E$3:E$84,"보류") | F7: =COUNTIFS('기능 체크리스트'!B$3:B$84,A7,'기능 체크리스트'!E$3:E$84,"N/A") | G7: =B7-C7-D7-E7-F7
A8: 전송 기능 | B8: =COUNTIF('기능 체크리스트'!B$3:B$84,A8) | C8: =COUNTIFS('기능 체크리스트'!B$3:B$84,A8,'기능 체크리스트'!E$3:E$84,"Pass") | D8: =COUNTIFS('기능 체크리스트'!B$3:B$84,A8,'기능 체크리스트'!E$3:E$84,"Fail") | E8: =COUNTIFS('기능 체크리스트'!B$3:B$84,A8,'기능 체크리스트'!E$3:E$84,"보류") | F8: =COUNTIFS('기능 체크리스트'!B$3:B$84,A8,'기능 체크리스트'!E$3:E$84,"N/A") | G8: =B8-C8-D8-E8-F8
A9: 즐겨찾기 | B9: =COUNTIF('기능 체크리스트'!B$3:B$84,A9) | C9: =COUNTIFS('기능 체크리스트'!B$3:B$84,A9,'기능 체크리스트'!E$3:E$84,"Pass") | D9: =COUNTIFS('기능 체크리스트'!B$3:B$84,A9,'기능 체크리스트'!E$3:E$84,"Fail") | E9: =COUNTIFS('기능 체크리스트'!B$3:B$84,A9,'기능 체크리스트'!E$3:E$84,"보류") | F9: =COUNTIFS('기능 체크리스트'!B$3:B$84,A9,'기능 체크리스트'!E$3:E$84,"N/A") | G9: =B9-C9-D9-E9-F9
A10: 실시간 갱신 | B10: =COUNTIF('기능 체크리스트'!B$3:B$84,A10) | C10: =COUNTIFS('기능 체크리스트'!B$3:B$84,A10,'기능 체크리스트'!E$3:E$84,"Pass") | D10: =COUNTIFS('기능 체크리스트'!B$3:B$84,A10,'기능 체크리스트'!E$3:E$84,"Fail") | E10: =COUNTIFS('기능 체크리스트'!B$3:B$84,A10,'기능 체크리스트'!E$3:E$84,"보류") | F10: =COUNTIFS('기능 체크리스트'!B$3:B$84,A10,'기능 체크리스트'!E$3:E$84,"N/A") | G10: =B10-C10-D10-E10-F10
A11: 안정성/회귀 | B11: =COUNTIF('기능 체크리스트'!B$3:B$84,A11) | C11: =COUNTIFS('기능 체크리스트'!B$3:B$84,A11,'기능 체크리스트'!E$3:E$84,"Pass") | D11: =COUNTIFS('기능 체크리스트'!B$3:B$84,A11,'기능 체크리스트'!E$3:E$84,"Fail") | E11: =COUNTIFS('기능 체크리스트'!B$3:B$84,A11,'기능 체크리스트'!E$3:E$84,"보류") | F11: =COUNTIFS('기능 체크리스트'!B$3:B$84,A11,'기능 체크리스트'!E$3:E$84,"N/A") | G11: =B11-C11-D11-E11-F11
A12: 합계 | B12: =SUM(B4:B11) | C12: =SUM(C4:C11) | D12: =SUM(D4:D11) | E12: =SUM(E4:E11) | F12: =SUM(F4:F11) | G12: =SUM(G4:G11)
